Condition 1,,Condition 2,,Condition 3,,Condition 4,,Condition 5,,Condition 6,,Condition 7,,Condition 8,
X,Y,X,Y,X,Y,X,Y,X,Y,X,Y,X,Y,X,Y
160.13005154663747,0.03159331093159269,191.05137151763438,0.017012542798525893,152.09278982662337,0.017012542798525893,1022.3148386928419,0.009580242851114022,125.61500892673574,0.019168630819408422,90.87960979720691,0.016760674732034797,282.14946637146386,0.020045841471179788,407.59011439267306,0.013909766448864422
207.15428909035177,0.020195897501643797,233.0301638711945,0.01521199713053398,216.50267107943847,0.017268195767709275,,,137.20823940401306,0.017397459331621186,149.8714295465216,0.014986785864345863,258.30961676116794,0.018605255033264056,,
280.0814492997337,0.017012542798525893,,,1167.0585690931475,0.006849005742866068,,,132.25306654838215,0.01567262348727664,,,,,,
468.7340658453152,0.01281422388944084,,,1685.920380417684,0.006647709988826733,,,324.475648153158,0.012345195609339228,,,,,,
1498.7142954652159,0.006900274960767312,,,,,,,404.6026789540291,0.012162426896548806,,,,,,
2489.8095831555916,0.006849005742866068,,,,,,,750.5841012547529,0.006697472378399326,,,,,,
3127.574530139618,0.0069519279617756054,,,,,,,1141.584299593439,0.00889176250255414,,,,,,
