Condition 9,,Condition 10,,Condition 11,,Condition 12,,Condition 13,
X,Y,X,Y,X,Y,X,Y,X,Y
475.95960283819113,0.021584422619929294,1101.6815460879118,0.009045164402554052,302.9063733105572,0.012923499943997786,66.79844538170863,0.021108394674649866,41.83071877492679,0.020075364450586095
1200.7131095230436,0.012568215183213147,,,,,183.66173877747894,0.01795714494371641,,
4462.03230541311,0.007318242219076182,,,,,,,,
15883.07473643917,0.005208432279416568,,,,,,,,
