Condition 3,,Condition 4,,Condition 5,
X,Y,X,Y,X,Y
0.01641307195375131,487.4141008923665,0.016293910124398594,1236.9629392708305,0.015483652565855007,2750.9990844888353
3.1622776601683826,70.32888918362323,0.5115178099293145,332.88405537604575,0.15148852842710536,1060.4195040357658
10.446897695733762,45.9642715960387,,,,
