,Program,Model,RMSE,MSE,MAE,MAPE,R2
0,Pytorch-Tabular,TabTransformerModel,0.8586690753202464,0.7373125809113269,0.697332300871985,0.18747912168200095,0.46928157536461323
1,Pytorch-Tabular,TabNetModel,0.908567218408585,0.8254943903667135,0.6991088450226846,0.19365069853808842,0.405808209783606
